{"cameraMode":{"drawMode":0,"name":"Shaded","section":"Shading Mode"},"sceneLighting":true,"audioPlay":false,"sceneViewState":{"showFog":true,"showMaterialUpdate":false,"showSkybox":true,"showFlares":true,"showImageEffects":true,"showParticleSystems":true},"in2DMode":false,"pivot":{"x":1.3868498802185059,"y":2.989290475845337,"z":0.3153266906738281},"rotation":{"x":0.2622794806957245,"y":-0.028366511687636377,"z":0.007711764890700579,"w":0.9645493626594544},"size":5.18256950378418,"orthographic":false}