{"cameraMode":{"drawMode":0,"name":"Shaded","section":"Shading Mode"},"sceneLighting":true,"audioPlay":false,"sceneViewState":{"showFog":true,"showMaterialUpdate":false,"showSkybox":true,"showFlares":true,"showImageEffects":true,"showParticleSystems":true},"in2DMode":false,"pivot":{"x":-1.7309999465942383,"y":2.7230000495910646,"z":-2.947000026702881},"rotation":{"x":0.2332541048526764,"y":-0.15443740785121919,"z":0.03754710406064987,"w":0.9593930244445801},"size":4.929500579833984,"orthographic":false}