{"cameraMode":{"drawMode":0,"name":"Shaded","section":"Shading Mode"},"sceneLighting":true,"audioPlay":false,"sceneViewState":{"showFog":true,"showMaterialUpdate":false,"showSkybox":true,"showFlares":true,"showImageEffects":true,"showParticleSystems":true},"in2DMode":false,"pivot":{"x":-70.29547119140625,"y":-75.95054626464844,"z":43.06516647338867},"rotation":{"x":0.20849232375621797,"y":-0.7592523694038391,"z":0.29264941811561587,"w":0.5428250432014465},"size":203.71923828125,"orthographic":false}