{"cameraMode":{"drawMode":0,"name":"Shaded","section":"Shading Mode"},"sceneLighting":true,"audioPlay":false,"sceneViewState":{"showFog":true,"showMaterialUpdate":false,"showSkybox":true,"showFlares":true,"showImageEffects":true,"showParticleSystems":true},"in2DMode":false,"pivot":{"x":-0.3991800546646118,"y":2.618225574493408,"z":0.4660489559173584},"rotation":{"x":0.29284921288490298,"y":0.345325767993927,"z":-0.11436616629362107,"w":0.8842676877975464},"size":3.8384597301483156,"orthographic":false}