{"cameraMode":{"drawMode":0,"name":"Shaded","section":"Shading Mode"},"sceneLighting":true,"audioPlay":false,"sceneViewState":{"showFog":true,"showMaterialUpdate":false,"showSkybox":true,"showFlares":true,"showImageEffects":true,"showParticleSystems":true},"in2DMode":false,"pivot":{"x":1.7815024852752686,"y":-84.78953552246094,"z":10.93710708618164},"rotation":{"x":0.5086045861244202,"y":-0.49124306440353396,"z":0.5054605603218079,"w":0.49462249875068667},"size":177.34915161132813,"orthographic":true}