{"cameraMode":{"drawMode":0,"name":"Shaded","section":"Shading Mode"},"sceneLighting":true,"audioPlay":false,"sceneViewState":{"showFog":true,"showMaterialUpdate":false,"showSkybox":true,"showFlares":true,"showImageEffects":true,"showParticleSystems":true},"in2DMode":false,"pivot":{"x":-0.5609999895095825,"y":4.130000114440918,"z":-4.559999942779541},"rotation":{"x":-0.10870381444692612,"y":-0.46433961391448977,"z":0.05754956230521202,"w":-0.8770788311958313},"size":22.0,"orthographic":false}