{"cameraMode":{"drawMode":0,"name":"Shaded","section":"Shading Mode"},"sceneLighting":true,"audioPlay":false,"sceneViewState":{"showFog":true,"showMaterialUpdate":false,"showSkybox":true,"showFlares":true,"showImageEffects":true,"showParticleSystems":true},"in2DMode":false,"pivot":{"x":69.23999786376953,"y":3.469999313354492,"z":114.44000244140625},"rotation":{"x":0.11379361152648926,"y":-0.637420117855072,"z":0.09594392776489258,"w":0.7560042142868042},"size":15.792134284973145,"orthographic":true}