{"cameraMode":{"drawMode":0,"name":"Shaded","section":"Shading Mode"},"sceneLighting":true,"audioPlay":false,"sceneViewState":{"showFog":true,"showMaterialUpdate":false,"showSkybox":true,"showFlares":true,"showImageEffects":true,"showParticleSystems":true},"in2DMode":false,"pivot":{"x":-43.14973449707031,"y":-63.264137268066409,"z":69.450439453125},"rotation":{"x":0.27412149310112,"y":-0.6700983047485352,"z":0.29444581270217898,"w":0.6238827109336853},"size":221.96080017089845,"orthographic":false}