{"cameraMode":{"drawMode":0,"name":"Shaded","section":"Shading Mode"},"sceneLighting":true,"audioPlay":false,"sceneViewState":{"showFog":true,"showMaterialUpdate":false,"showSkybox":true,"showFlares":true,"showImageEffects":true,"showParticleSystems":true},"in2DMode":false,"pivot":{"x":-1.047157883644104,"y":2.4183759689331056,"z":-0.8001484870910645},"rotation":{"x":0.5571933388710022,"y":0.0004998392541892827,"z":-0.0003320750838611275,"w":0.8303864002227783},"size":5.72772741317749,"orthographic":false}