{"cameraMode":{"drawMode":0,"name":"Shaded","section":"Shading Mode"},"sceneLighting":true,"audioPlay":false,"sceneViewState":{"showFog":true,"showMaterialUpdate":false,"showSkybox":false,"showFlares":true,"showImageEffects":true,"showParticleSystems":true},"in2DMode":false,"pivot":{"x":-0.41485172510147097,"y":2.5828635692596437,"z":-1.8285338878631592},"rotation":{"x":-0.1367374062538147,"y":0.7616319060325623,"z":-0.17070811986923219,"w":-0.6100038886070252},"size":22.0,"orthographic":false}