{"cameraMode":{"drawMode":0,"name":"Shaded","section":"Shading Mode"},"sceneLighting":true,"audioPlay":false,"sceneViewState":{"showFog":true,"showMaterialUpdate":false,"showSkybox":true,"showFlares":true,"showImageEffects":true,"showParticleSystems":true},"in2DMode":false,"pivot":{"x":17.652572631835939,"y":10.240278244018555,"z":108.25555419921875},"rotation":{"x":0.259615957736969,"y":-0.715290904045105,"z":0.3336944580078125,"w":0.5565133094787598},"size":33.42198181152344,"orthographic":false}