{"cameraMode":{"drawMode":0,"name":"Shaded","section":"Shading Mode"},"sceneLighting":true,"audioPlay":false,"sceneViewState":{"showFog":true,"showMaterialUpdate":false,"showSkybox":true,"showFlares":true,"showImageEffects":true,"showParticleSystems":true},"in2DMode":false,"pivot":{"x":-7.548225402832031,"y":-41.59226608276367,"z":104.16168212890625},"rotation":{"x":0.178902268409729,"y":-0.7296766042709351,"z":0.2094121277332306,"w":0.626067578792572},"size":103.1192626953125,"orthographic":false}