{"cameraMode":{"drawMode":0,"name":"Shaded","section":"Shading Mode"},"sceneLighting":false,"audioPlay":false,"sceneViewState":{"showFog":true,"showMaterialUpdate":false,"showSkybox":true,"showFlares":true,"showImageEffects":true,"showParticleSystems":true},"in2DMode":false,"pivot":{"x":39.73847198486328,"y":3.4926090240478517,"z":103.81460571289063},"rotation":{"x":-0.2630890905857086,"y":0.5367662310600281,"z":-0.18079374730587007,"w":-0.7810512185096741},"size":79.2891845703125,"orthographic":false}