{"cameraMode":{"drawMode":0,"name":"Shaded","section":"Shading Mode"},"sceneLighting":true,"audioPlay":false,"sceneViewState":{"showFog":true,"showMaterialUpdate":false,"showSkybox":true,"showFlares":true,"showImageEffects":true,"showParticleSystems":true},"in2DMode":false,"pivot":{"x":-0.45255768299102785,"y":2.601713180541992,"z":-0.18352460861206056},"rotation":{"x":0.40118706226348879,"y":-0.002467227866873145,"z":0.0010728223714977503,"w":0.9160036444664002},"size":7.4005126953125,"orthographic":false}