{"cameraMode":{"drawMode":0,"name":"Shaded","section":"Shading Mode"},"sceneLighting":false,"audioPlay":false,"sceneViewState":{"showFog":true,"showMaterialUpdate":false,"showSkybox":true,"showFlares":true,"showImageEffects":true,"showParticleSystems":true},"in2DMode":false,"pivot":{"x":42.15673065185547,"y":7.0678558349609379,"z":109.23919677734375},"rotation":{"x":-0.26844993233680727,"y":0.6580750346183777,"z":-0.2723545730113983,"w":-0.6486586332321167},"size":104.72689819335938,"orthographic":false}