{"cameraMode":{"drawMode":0,"name":"Shaded","section":"Shading Mode"},"sceneLighting":true,"audioPlay":false,"sceneViewState":{"showFog":true,"showMaterialUpdate":false,"showSkybox":true,"showFlares":true,"showImageEffects":true,"showParticleSystems":true},"in2DMode":false,"pivot":{"x":-0.8251199722290039,"y":2.419705390930176,"z":-0.7749173641204834},"rotation":{"x":0.1914009153842926,"y":0.193501815199852,"z":-0.03851785138249397,"w":0.9614799618721008},"size":5.72772741317749,"orthographic":false}