{"cameraMode":{"drawMode":0,"name":"Shaded","section":"Shading Mode"},"sceneLighting":true,"audioPlay":false,"sceneViewState":{"showFog":true,"showMaterialUpdate":false,"showSkybox":true,"showFlares":true,"showImageEffects":true,"showParticleSystems":true},"in2DMode":false,"pivot":{"x":-3.5349998474121095,"y":-18.58642578125,"z":45.02030944824219},"rotation":{"x":0.13266292214393617,"y":-0.8614693880081177,"z":0.28784966468811037,"w":0.39684751629829409},"size":180.25936889648438,"orthographic":false}