{"cameraMode":{"drawMode":0,"name":"Shaded","section":"Shading Mode"},"sceneLighting":false,"audioPlay":false,"sceneViewState":{"showFog":true,"showMaterialUpdate":false,"showSkybox":true,"showFlares":true,"showImageEffects":true,"showParticleSystems":true},"in2DMode":false,"pivot":{"x":-7.030952453613281,"y":-50.96747589111328,"z":112.62096405029297},"rotation":{"x":-0.26794448494911196,"y":0.6534191370010376,"z":-0.2669872045516968,"w":-0.6557667255401611},"size":123.42196655273438,"orthographic":false}