{"cameraMode":{"drawMode":0,"name":"Shaded","section":"Shading Mode"},"sceneLighting":true,"audioPlay":false,"sceneViewState":{"showFog":true,"showMaterialUpdate":false,"showSkybox":true,"showFlares":true,"showImageEffects":true,"showParticleSystems":true},"in2DMode":false,"pivot":{"x":315.0953063964844,"y":-25.46771240234375,"z":-0.37811279296875},"rotation":{"x":-0.35666006803512576,"y":-0.05685153976082802,"z":0.021751612424850465,"w":-0.9322490692138672},"size":306.1273193359375,"orthographic":false}