{"cameraMode":{"drawMode":0,"name":"Shaded","section":"Shading Mode"},"sceneLighting":true,"audioPlay":false,"sceneViewState":{"showFog":true,"showMaterialUpdate":false,"showSkybox":true,"showFlares":true,"showImageEffects":true,"showParticleSystems":true},"in2DMode":false,"pivot":{"x":9.747085571289063,"y":122.256103515625,"z":181.9669189453125},"rotation":{"x":0.07039573788642883,"y":-0.9282593727111816,"z":0.2309991717338562,"w":0.28287509083747866},"size":578.9667358398438,"orthographic":false}