{"cameraMode":{"drawMode":0,"name":"Shaded","section":"Shading Mode"},"sceneLighting":true,"audioPlay":false,"sceneViewState":{"showFog":true,"showMaterialUpdate":false,"showSkybox":true,"showFlares":true,"showImageEffects":true,"showParticleSystems":true},"in2DMode":false,"pivot":{"x":96.046630859375,"y":109.9580078125,"z":14.638427734375},"rotation":{"x":-0.299928218126297,"y":0.438672810792923,"z":-0.15808936953544618,"w":-0.832236111164093},"size":579.1814575195313,"orthographic":false}